{
  "username": "navdeep",
  "features": [
    0.0,
    0.16452420349329905,
    0.11656092770092041,
    0.12424435941093719,
    0.10887145342180689,
    0.1093937168467121,
    0.10820209689206356,
    0.11046299478269285,
    0.10509613911041449,
    0.11034741572854463,
    0.10626814798796634,
    0.11386635236838621,
    0.10876395001239775,
    0.11348325476867112,
    0.10780147304307207,
    0.114683672287061,
    0.10968833256178018,
    0.10912130719937657,
    0.10777208226838404,
    0.10990624895514835,
    0.1297179772013514,
    0.12524104203235994,
    0.12139746140490619,
    0.11846277874859268,
    0.11742702786410447,
    0.11622000930601435,
    0.11588856969076343,
    0.1160496844998562,
    0.11508325036725425,
    0.11566253811364713,
    0.1147314890086646,
    0.11416042434670697,
    0.11408172457995935,
    0.11462364202009202,
    0.11447723821200911,
    0.1141637424241805,
    0.11399024966000239,
    0.11421815825630977,
    0.11354303978793455,
    0.11340586342133391,
    0.11073234600952882,
    0.11190505598398455,
    0.11186868165377374,
    0.11165829224349809,
    0.11188574730940946,
    0.11182681635520851,
    0.11164010798477046,
    0.11148055989291267,
    0.1115282080014458,
    0.11167441451432703,
    0.11168198691956793,
    0.11157870943374308,
    0.11165049242305773,
    0.11177816174021826,
    0.11170803298209896,
    0.11162203248885604,
    0.11179902061766289,
    0.11172500303360033,
    0.11160261675515044,
    0.11177821154028267,
    0.2685363690860423,
    0.20024331020808583,
    0.5290448140195417,
    0.2971251514336039,
    0.9999999999960748,
    0.6537566874970273,
    0.11167959133860687,
    0.11167092890520518
  ],
  "consistency": 0.9980663049298363,
  "registered_at": "2026-01-30T20:48:30.193481",
  "sample_count": 3,
  "feature_count": 68
}